good_model,gpt-4o-mini,gpt-4.1,gpt-5.1,gpt-5.4
gpt-4o-mini,248.66666666666666,238.33333333333334,291.45454545454544,223.84
gpt-4.1,402.37735849056605,381.0,325.6,212.0
gpt-5.1,491.1111111111111,497.6363636363636,375.52,445.6
gpt-5.4,456.0,,512.5333333333333,240.0
