good_model,gpt-4o-mini,gpt-4.1,gpt-5.1,gpt-5.4
gpt-4o-mini,242.13953488372093,240.88111888111888,312.30674846625766,241.46012269938652
gpt-4.1,294.6588235294118,298.39325842696627,321.2247191011236,254.22702702702702
gpt-5.1,471.06666666666666,424.1216216216216,327.9125,274.75
gpt-5.4,493.75531914893617,473.5614973262032,423.4736842105263,381.01604278074865
