good_model,gpt-4o-mini,gpt-4.1,gpt-5.1,gpt-5.4
gpt-4o-mini,245.79881656804733,240.8470588235294,311.27272727272725,238.9112426035503
gpt-4.1,358.5542168674699,305.38823529411764,319.4146341463415,255.2235294117647
gpt-5.1,475.1904761904762,443.1242603550296,337.4634146341463,282.29585798816566
gpt-5.4,493.1294117647059,473.6804733727811,428.9024390243902,376.5207100591716
