good_model,gpt-4o-mini,gpt-4.1,gpt-5.1,gpt-5.4
gpt-4o-mini,243.06976744186048,240.8111888111888,311.6319018404908,241.4478527607362
gpt-4.1,308.09411764705885,300.87640449438203,322.5842696629214,255.95675675675676
gpt-5.1,471.85185185185185,425.7027027027027,330.625,275.4130434782609
gpt-5.4,492.2340425531915,469.86096256684493,423.69590643274853,380.5561497326203
