good_model,gpt-4o-mini,gpt-4.1,gpt-5.1,gpt-5.4
gpt-4o-mini,246.13065326633165,240.2233502538071,309.45641025641027,239.15151515151516
gpt-4.1,361.3265306122449,305.5678391959799,323.9587628865979,255.25252525252526
gpt-5.1,475.40816326530614,443.2690355329949,336.08247422680415,279.6969696969697
gpt-5.4,492.24120603015075,472.54545454545456,428.7794871794872,380.5858585858586
