good_model,gpt-4o-mini,gpt-4.1,gpt-5.1,gpt-5.4
gpt-4o-mini,246.20359281437126,240.91017964071855,310.39506172839504,239.03614457831324
gpt-4.1,358.5542168674699,304.8622754491018,317.6645962732919,255.28571428571428
gpt-5.1,475.855421686747,443.0120481927711,335.65432098765433,282.89156626506025
gpt-5.4,493.1666666666667,473.2848484848485,428.39506172839504,376.19161676646706
