good_model,gpt-4o-mini,gpt-4.1,gpt-5.1,gpt-5.4
gpt-4o-mini,243.14285714285714,240.84057971014494,311.49367088607596,241.45222929936307
gpt-4.1,308.14814814814815,300.73988439306356,322.3720930232558,255.97790055248618
gpt-5.1,472.56716417910445,426.6666666666667,329.6258064516129,276.1787709497207
gpt-5.4,492.5054945054945,470.02197802197804,425.71084337349396,378.585635359116
