good_model,gpt-4o-mini,gpt-4.1,gpt-5.1,gpt-5.4
gpt-4o-mini,-3.641183431952669,6.207058823529422,22.94619666048237,-1.0087573964496812
gpt-4.1,-5.605783132530121,6.748235294117649,21.174634146341475,2.2635294117646936
gpt-5.1,-27.258503401360542,-1.515739644970381,-2.536585365853682,-18.520468542446565
gpt-5.4,5.769411764705865,27.88455500543415,15.382439024390237,3.6407100591716244
