good_model,gpt-4o-mini,gpt-4.1,gpt-5.1,gpt-5.4
gpt-4o-mini,3.009774145452525,-0.6088645112935751,-2.28925448347411,-2.21264669819584
gpt-4.1,48.34875283446712,4.840566468707152,0.04341897125402738,-0.6654234654234585
gpt-5.1,5.9715435469962586,15.635048604890358,5.833953516744998,4.298005966399728
gpt-5.4,-0.18303639409168682,0.0,6.979487179487194,-0.713633799928175
