good_model,gpt-4o-mini,gpt-4.1,gpt-5.1,gpt-5.4
gpt-4o-mini,-3.2364071856287353,6.270179640718567,22.068531116150155,-0.8838554216867465
gpt-4.1,-5.605783132530121,6.222275449101801,19.42459627329191,2.3257142857142696
gpt-5.1,-26.593557905089767,-1.6279518072288965,-4.34567901234567,-17.92476026555198
gpt-5.4,5.806666666666672,27.48893011750158,14.875061728395053,3.3116167664670684
