slice,comparison,stat,p_raw,p_bh,n1,n2,reject_bh
1x4,omnibus (Kruskal),1.7685586960630066,0.6218006979632222,0.6218006979632222,800,,False
1x4,none vs low,19828.5,0.881447082755582,0.881447082755582,200,200,False
1x4,none vs medium,20989.0,0.38762777142097105,0.881447082755582,200,200,False
1x4,none vs high,19498.0,0.6621126436754926,0.881447082755582,200,200,False
4x1,omnibus (Kruskal),2.093304889058657,0.5532684169524091,0.5532684169524091,799,,False
4x1,none vs low,19431.0,0.6195082167727868,0.766405713586868,200,200,False
4x1,none vs medium,19560.0,0.766405713586868,0.766405713586868,200,199,False
4x1,none vs high,21016.5,0.373242502912693,0.766405713586868,200,200,False
