collapse_type,model,label,n_cells,mean_mir,std_mir,ttest_pvalue_vs_zero,wilcoxon_pvalue_vs_zero,cell_values,ttest_pvalue_bh,ttest_null_bh_0_05,wilcoxon_pvalue_bh,wilcoxon_null_bh_0_05
advisor_4x1,gpt-4.1,4.1,4,34.484385090509605,143.12708857048267,0.6628663024222676,0.875,"47.961,218.711,-1.952,-126.783",0.7575614884825915,True,0.875,True
advisor_4x1,gpt-4o-mini,4o-mini,4,18.996765845265614,152.8485662564609,0.819738357824674,0.875,"46.597,216.077,-42.135,-144.553",0.819738357824674,True,0.875,True
advisor_4x1,gpt-5.1,5.1,4,46.427198659946455,120.6631761092774,0.49761549892005735,0.625,"-23.487,191.133,95.790,-77.727",0.6634873318934098,True,0.8333333333333334,True
advisor_4x1,gpt-5.4,5.4,4,106.40495405154093,127.57851879826119,0.1938934385362867,0.25,"47.485,262.970,147.241,-32.076",0.3877868770725734,True,0.5,True
player_1x4,gpt-4.1,4.1,4,222.22296120794357,29.871885721695495,0.0006588459178865344,0.125,"216.077,218.711,191.133,262.970",0.005270767343092275,False,0.5,True
player_1x4,gpt-4o-mini,4o-mini,4,29.63910605539447,35.42196118553417,0.19282485013013545,0.25,"46.597,47.961,-23.487,47.485",0.3877868770725734,True,0.5,True
player_1x4,gpt-5.1,5.1,4,49.736181980491736,87.06330136262899,0.3361576150289288,0.625,"-42.135,-1.952,95.790,147.241",0.5378521840462861,True,0.8333333333333334,True
player_1x4,gpt-5.4,5.4,4,-95.28494559656718,50.73812320882543,0.03298142667588037,0.125,"-144.553,-126.783,-77.727,-32.076",0.13192570670352147,True,0.5,True
