good_model,solo_mean,solo_n
gpt-4.1,514.734693877551,49
gpt-4o-mini,305.0,8
gpt-5.1,456.6938775510204,49
gpt-5.4,399.9591836734694,49
