good_model,solo_mean,solo_n
gpt-4.1,507.51020408163265,49
gpt-4o-mini,305.0,8
gpt-5.1,454.7755102040816,49
gpt-5.4,398.7755102040816,49
